PacketCounter,Left_Hip,Right_Hip
799,-30.91489792,-30.91489792
800,-30.726408,-30.726408
801,-30.12028503,-30.12028503
802,-29.66742516,-29.66742516
803,-29.0627327,-29.0627327
804,-28.76117134,-28.76117134
805,-27.82839394,-27.82839394
806,-26.22280693,-26.22280693
807,-24.3249054,-24.3249054
808,-22.82639885,-22.82639885
809,-21.64751816,-21.64751816
810,-20.78642082,-20.78642082
811,-19.7668705,-19.7668705
812,-18.03527832,-18.03527832
813,-16.28974915,-16.28974915
814,-14.57391262,-14.57391262
815,-12.40775299,-12.40775299
816,-9.928632736,-9.928632736
817,-7.639411926,-7.639411926
818,-5.699901581,-5.699901581
819,-4.358764172,-4.358764172
820,-3.420666456,-3.420666456
821,-2.576349735,-2.576349735
822,-1.564020634,-1.564020634
823,0.140515924,0.140515924
824,2.443885803,2.443885803
825,3.899029016,3.899029016
826,4.171562195,4.171562195
827,3.460924149,3.460924149
828,2.15216279,2.15216279
829,0.049619626,0.049619626
830,-2.665373802,-2.665373802
831,-5.80505991,-5.80505991
832,-8.728140831,-8.728140831
833,-11.45275688,-11.45275688
834,-13.67760468,-13.67760468
835,-15.70197678,-15.70197678
836,-16.30882645,-16.30882645
837,-16.21335983,-16.21335983
838,-16.22459602,-16.22459602
839,-17.19311905,-17.19311905
840,-17.89712906,-17.89712906
841,-17.10655022,-17.10655022
842,-16.15829277,-16.15829277
843,-16.06904984,-16.06904984
844,-15.75390339,-15.75390339
845,-14.97288609,-14.97288609
846,-14.23622704,-14.23622704
847,-13.43175316,-13.43175316
848,-12.80052853,-12.80052853
849,-13.20790577,-13.20790577
850,-14.62417603,-14.62417603
851,-16.97864914,-16.97864914
852,-19.74866486,-19.74866486
853,-22.67485237,-22.67485237
854,-25.64050674,-25.64050674
855,-28.63286018,-28.63286018
856,-31.45278931,-31.45278931
857,-33.8401947,-33.8401947
858,-35.64295197,-35.64295197
859,-36.97193527,-36.97193527
860,-37.44879532,-37.44879532
861,-36.2146492,-36.2146492
862,-34.9719162,-34.9719162
863,-33.70926666,-33.70926666
864,-32.65585709,-32.65585709
865,-31.16903305,-31.16903305
866,-29.46136475,-29.46136475
867,-27.45789337,-27.45789337
868,-26.01461983,-26.01461983
869,-24.65723228,-24.65723228
870,-23.35670662,-23.35670662
871,-21.96078682,-21.96078682
872,-20.64624214,-20.64624214
873,-19.14982986,-19.14982986
874,-17.63395119,-17.63395119
875,-16.56546211,-16.56546211
876,-16.15817833,-16.15817833
877,-16.51469421,-16.51469421
878,-17.02241135,-17.02241135
879,-18.38837814,-18.38837814
880,-20.28997803,-20.28997803
881,-21.87473869,-21.87473869
882,-23.15642929,-23.15642929
883,-24.87092781,-24.87092781
884,-27.07185936,-27.07185936
885,-28.78871536,-28.78871536
886,-29.82164383,-29.82164383
887,-30.56641197,-30.56641197
888,-31.0707531,-31.0707531
889,-28.36762428,-28.36762428
890,-26.32029533,-26.32029533
891,-26.73345947,-26.73345947
892,-26.2285347,-26.2285347
893,-23.83173943,-23.83173943
894,-20.66662979,-20.66662979
895,-18.88659096,-18.88659096
896,-18.45026779,-18.45026779
897,-17.50564957,-17.50564957
898,-15.57399559,-15.57399559
899,-13.72300625,-13.72300625
900,-12.35248375,-12.35248375
901,-10.62274361,-10.62274361
902,-8.073553085,-8.073553085
903,-5.37502861,-5.37502861
904,-3.450656414,-3.450656414
905,-2.695398092,-2.695398092
906,-2.706974268,-2.706974268
907,-2.409374475,-2.409374475
908,-1.281376839,-1.281376839
909,0.18616055,0.18616055
910,1.645524979,1.645524979
911,2.387343168,2.387343168
912,2.891613245,2.891613245
913,3.293108702,3.293108702
914,3.42348361,3.42348361
915,2.100917578,2.100917578
916,-0.005330963,-0.005330963
917,-2.270616293,-2.270616293
918,-5.034231663,-5.034231663
919,-8.20862484,-8.20862484
920,-10.35010433,-10.35010433
921,-12.14123821,-12.14123821
922,-12.99995232,-12.99995232
923,-13.07504368,-13.07504368
924,-12.81094551,-12.81094551
925,-13.35643768,-13.35643768
926,-13.80097961,-13.80097961
927,-13.19864941,-13.19864941
928,-11.75274277,-11.75274277
929,-11.07528687,-11.07528687
930,-10.50484467,-10.50484467
931,-9.266141891,-9.266141891
932,-7.938988686,-7.938988686
933,-7.357460976,-7.357460976
934,-7.122131824,-7.122131824
935,-6.939090252,-6.939090252
936,-7.205986977,-7.205986977
937,-8.426003456,-8.426003456
938,-10.45590305,-10.45590305
939,-13.06007957,-13.06007957
940,-16.55528259,-16.55528259
941,-20.2963028,-20.2963028
942,-23.54988861,-23.54988861
943,-25.91401672,-25.91401672
944,-27.62429619,-27.62429619
945,-29.12107849,-29.12107849
946,-30.57078362,-30.57078362
947,-31.79382133,-31.79382133
948,-32.68147278,-32.68147278
949,-32.32170868,-32.32170868
950,-32.30050659,-32.30050659
951,-31.46150208,-31.46150208
952,-30.10598946,-30.10598946
953,-28.12809944,-28.12809944
954,-25.45892715,-25.45892715
955,-23.7738266,-23.7738266
956,-22.30868912,-22.30868912
957,-20.80515862,-20.80515862
958,-18.96434212,-18.96434212
959,-17.87438011,-17.87438011
960,-16.78460503,-16.78460503
961,-15.39081192,-15.39081192
962,-14.27663136,-14.27663136
963,-13.04097462,-13.04097462
964,-12.10387325,-12.10387325
965,-11.55013943,-11.55013943
966,-11.8287487,-11.8287487
967,-12.93275547,-12.93275547
968,-15.1488409,-15.1488409
969,-17.60952187,-17.60952187
970,-19.12129974,-19.12129974
971,-21.02941895,-21.02941895
972,-24.11711502,-24.11711502
973,-27.7342186,-27.7342186
974,-30.46375084,-30.46375084
975,-32.63630676,-32.63630676
976,-33.81700897,-33.81700897
977,-33.53243637,-33.53243637
978,-31.30916405,-31.30916405
979,-29.53253937,-29.53253937
980,-28.24373245,-28.24373245
981,-27.98368835,-27.98368835
982,-25.64247131,-25.64247131
983,-23.04514313,-23.04514313
984,-20.38776588,-20.38776588
985,-19.33538437,-19.33538437
986,-19.21540642,-19.21540642
987,-18.0594635,-18.0594635
988,-16.19936752,-16.19936752
989,-14.37258816,-14.37258816
990,-12.59604263,-12.59604263
991,-10.47263336,-10.47263336
992,-7.924293518,-7.924293518
993,-5.307274342,-5.307274342
994,-3.391148329,-3.391148329
995,-2.762587547,-2.762587547
996,-2.558815956,-2.558815956
997,-1.627352715,-1.627352715
998,0.035906307,0.035906307
999,1.804665327,1.804665327
1000,2.986111879,2.986111879
1001,2.975649118,2.975649118
1002,2.113777637,2.113777637
1003,1.253666878,1.253666878
1004,0.67134279,0.67134279
1005,-0.195465028,-0.195465028
1006,-1.582561374,-1.582561374
1007,-3.989503622,-3.989503622
1008,-7.204554558,-7.204554558
1009,-9.537269592,-9.537269592
1010,-11.61742687,-11.61742687
1011,-13.13978958,-13.13978958
1012,-14.0015955,-14.0015955
1013,-13.68135262,-13.68135262
1014,-13.79559135,-13.79559135
1015,-14.58048725,-14.58048725
1016,-14.60668564,-14.60668564
1017,-13.71789932,-13.71789932
1018,-12.87590599,-12.87590599
1019,-12.31221199,-12.31221199
1020,-11.52151012,-11.52151012
1021,-10.64014626,-10.64014626
1022,-10.11493969,-10.11493969
1023,-9.621901512,-9.621901512
1024,-9.493138313,-9.493138313
1025,-9.991435051,-9.991435051
1026,-11.203022,-11.203022
1027,-13.13126659,-13.13126659
1028,-15.89012146,-15.89012146
1029,-19.72174263,-19.72174263
1030,-24.19640541,-24.19640541
1031,-27.80281639,-27.80281639
1032,-30.44256401,-30.44256401
1033,-32.49053574,-32.49053574
1034,-34.04650116,-34.04650116
1035,-35.27723694,-35.27723694
1036,-36.17271423,-36.17271423
1037,-36.32330704,-36.32330704
1038,-35.56393814,-35.56393814
1039,-34.56678009,-34.56678009
1040,-33.49328232,-33.49328232
1041,-32.78792191,-32.78792191
1042,-32.45656586,-32.45656586
1043,-30.85563278,-30.85563278
1044,-27.68236923,-27.68236923
1045,-25.07600594,-25.07600594
1046,-23.89572525,-23.89572525
1047,-22.78787041,-22.78787041
1048,-21.32844734,-21.32844734
1049,-20.01067924,-20.01067924
1050,-18.96100426,-18.96100426
1051,-17.88173294,-17.88173294
1052,-16.56199265,-16.56199265
1053,-15.56579781,-15.56579781
1054,-14.70937729,-14.70937729
1055,-14.94701385,-14.94701385
1056,-16.06813049,-16.06813049
1057,-17.65883255,-17.65883255
1058,-20.13875771,-20.13875771
1059,-22.16064453,-22.16064453
1060,-23.67313576,-23.67313576
1061,-25.58122063,-25.58122063
1062,-27.96943283,-27.96943283
1063,-30.31002426,-30.31002426
1064,-32.12804413,-32.12804413
1065,-32.91503525,-32.91503525
1066,-32.80271149,-32.80271149
1067,-32.04324722,-32.04324722
1068,-31.25683784,-31.25683784
1069,-30.16247749,-30.16247749
1070,-29.32463837,-29.32463837
1071,-28.42222214,-28.42222214
1072,-26.79577637,-26.79577637
1073,-24.74801636,-24.74801636
1074,-22.56041527,-22.56041527
1075,-21.11785698,-21.11785698
1076,-20.58722115,-20.58722115
1077,-19.64442635,-19.64442635
1078,-18.23992729,-18.23992729
1079,-17.12431145,-17.12431145
1080,-15.98555946,-15.98555946
1081,-14.27573681,-14.27573681
1082,-11.75836468,-11.75836468
1083,-9.201307297,-9.201307297
1084,-7.411468029,-7.411468029
1085,-6.486450195,-6.486450195
1086,-5.991145611,-5.991145611
1087,-5.56340313,-5.56340313
1088,-4.416267395,-4.416267395
1089,-2.467953682,-2.467953682
1090,-0.312561244,-0.312561244
1091,1.263260365,1.263260365
1092,2.183619499,2.183619499
1093,1.380673647,1.380673647
1094,0.038660586,0.038660586
1095,-1.271301627,-1.271301627
1096,-3.084531069,-3.084531069
1097,-5.405155659,-5.405155659
1098,-7.728283882,-7.728283882
1099,-10.56784534,-10.56784534
1100,-14.06313038,-14.06313038
1101,-16.48614311,-16.48614311
1102,-17.90294456,-17.90294456
1103,-18.84661674,-18.84661674
1104,-19.2406044,-19.2406044
1105,-18.79613876,-18.79613876
1106,-19.17494774,-19.17494774
1107,-19.74262428,-19.74262428
1108,-19.17781258,-19.17781258
1109,-17.4267292,-17.4267292
1110,-16.33263588,-16.33263588
1111,-15.9158268,-15.9158268
1112,-15.00247097,-15.00247097
1113,-13.78541374,-13.78541374
1114,-13.17142487,-13.17142487
1115,-12.88973331,-12.88973331
1116,-12.5830574,-12.5830574
1117,-12.61207771,-12.61207771
1118,-13.51761341,-13.51761341
1119,-15.29618645,-15.29618645
1120,-17.6645031,-17.6645031
1121,-20.99361229,-20.99361229
1122,-25.04027939,-25.04027939
1123,-28.84915543,-28.84915543
1124,-31.76886368,-31.76886368
1125,-33.37142181,-33.37142181
1126,-34.87864304,-34.87864304
1127,-36.74124527,-36.74124527
1128,-38.41483688,-38.41483688
1129,-39.60416794,-39.60416794
1130,-40.15589523,-40.15589523
1131,-39.8774147,-39.8774147
1132,-38.8805809,-38.8805809
1133,-38.15144348,-38.15144348
1134,-37.62758255,-37.62758255
1135,-36.20799255,-36.20799255
1136,-33.41466141,-33.41466141
1137,-30.47623634,-30.47623634
1138,-28.59231377,-28.59231377
1139,-26.83519745,-26.83519745
1140,-25.38381577,-25.38381577
1141,-23.90950966,-23.90950966
1142,-22.48615837,-22.48615837
1143,-20.80647469,-20.80647469
1144,-19.56228638,-19.56228638
1145,-18.57517815,-18.57517815
1146,-17.25147438,-17.25147438
1147,-15.96426296,-15.96426296
1148,-15.1467247,-15.1467247
1149,-15.57911682,-15.57911682
1150,-16.40211296,-16.40211296
1151,-17.9726944,-17.9726944
1152,-20.05758095,-20.05758095
1153,-21.61384964,-21.61384964
1154,-22.91111565,-22.91111565
1155,-25.65875244,-25.65875244
1156,-28.88976097,-28.88976097
1157,-31.57178116,-31.57178116
1158,-33.33184433,-33.33184433
1159,-33.87469101,-33.87469101
1160,-33.62796021,-33.62796021
1161,-32.81692886,-32.81692886
1162,-32.3719101,-32.3719101
1163,-31.99129105,-31.99129105
1164,-31.25182533,-31.25182533
1165,-30.28588867,-30.28588867
1166,-28.4148159,-28.4148159
1167,-25.62765694,-25.62765694
1168,-23.27628136,-23.27628136
1169,-22.09031487,-22.09031487
1170,-20.93149757,-20.93149757
1171,-19.23274994,-19.23274994
1172,-17.08873367,-17.08873367
1173,-15.70080185,-15.70080185
1174,-14.39681816,-14.39681816
1175,-12.49913025,-12.49913025
1176,-10.23034668,-10.23034668
1177,-7.601268291,-7.601268291
1178,-5.037144661,-5.037144661
1179,-3.387212515,-3.387212515
1180,-2.568622112,-2.568622112
1181,-1.997712731,-1.997712731
1182,-0.981860518,-0.981860518
1183,0.516282201,0.516282201
1184,2.257932901,2.257932901
1185,3.734600544,3.734600544
1186,4.115956783,4.115956783
1187,3.38077426,3.38077426
1188,2.606315374,2.606315374
1189,1.751610041,1.751610041
1190,0.562975466,0.562975466
1191,-1.521328449,-1.521328449
1192,-3.449064255,-3.449064255
1193,-5.679391384,-5.679391384
1194,-8.818088531,-8.818088531
1195,-11.39827347,-11.39827347
1196,-13.19901085,-13.19901085
1197,-14.31529522,-14.31529522
1198,-14.98014545,-14.98014545
1199,-14.71877098,-14.71877098
1200,-14.63261127,-14.63261127
1201,-15.07402611,-15.07402611
1202,-14.75224018,-14.75224018
1203,-13.47947311,-13.47947311
1204,-12.54176331,-12.54176331
1205,-12.0167141,-12.0167141
1206,-11.25182629,-11.25182629
1207,-10.46039772,-10.46039772
1208,-10.09477615,-10.09477615
1209,-9.87375164,-9.87375164
1210,-9.535470009,-9.535470009
1211,-9.602649689,-9.602649689
1212,-10.59499741,-10.59499741
1213,-12.39618683,-12.39618683
1214,-14.59255791,-14.59255791
1215,-17.2774086,-17.2774086
1216,-20.48080063,-20.48080063
1217,-23.61206055,-23.61206055
1218,-26.73826218,-26.73826218
1219,-28.97076607,-28.97076607
1220,-30.80889702,-30.80889702
1221,-32.77568436,-32.77568436
1222,-34.66602707,-34.66602707
1223,-35.95137787,-35.95137787
1224,-36.57339478,-36.57339478
1225,-36.257061,-36.257061
1226,-35.74157333,-35.74157333
1227,-34.50001144,-34.50001144
1228,-33.80424118,-33.80424118
1229,-32.04506683,-32.04506683
1230,-29.06276894,-29.06276894
1231,-25.85843468,-25.85843468
1232,-23.77395439,-23.77395439
1233,-22.79047203,-22.79047203
1234,-21.27800751,-21.27800751
1235,-19.95178223,-19.95178223
1236,-18.92495155,-18.92495155
1237,-17.61037254,-17.61037254
1238,-16.46760178,-16.46760178
1239,-15.25787449,-15.25787449
1240,-14.22675037,-14.22675037
1241,-14.26992512,-14.26992512
1242,-15.38712025,-15.38712025
1243,-17.16434479,-17.16434479
1244,-19.83407974,-19.83407974
1245,-21.78847694,-21.78847694
1246,-23.33068657,-23.33068657
1247,-26.00172806,-26.00172806
1248,-29.46818161,-29.46818161
1249,-33.18403244,-33.18403244
1250,-35.99028397,-35.99028397
1251,-36.99396896,-36.99396896
1252,-36.64785385,-36.64785385
1253,-35.32816315,-35.32816315
1254,-34.03791428,-34.03791428
1255,-33.21128082,-33.21128082
1256,-33.19167328,-33.19167328
1257,-32.5640564,-32.5640564
1258,-30.41999626,-30.41999626
1259,-27.96096611,-27.96096611
1260,-25.19161034,-25.19161034
1261,-23.72475433,-23.72475433
1262,-23.31129074,-23.31129074
1263,-22.36183739,-22.36183739
1264,-20.9311409,-20.9311409
1265,-19.64191628,-19.64191628
1266,-18.61037636,-18.61037636
1267,-17.19475555,-17.19475555
1268,-15.12528801,-15.12528801
1269,-12.69668293,-12.69668293
1270,-10.54732037,-10.54732037
1271,-9.124228477,-9.124228477
1272,-8.278922081,-8.278922081
1273,-7.536301136,-7.536301136
1274,-6.668640137,-6.668640137
1275,-5.724701881,-5.724701881
1276,-4.195959091,-4.195959091
1277,-2.434113503,-2.434113503
1278,-1.84786272,-1.84786272
1279,-1.584785581,-1.584785581
1280,-1.551492929,-1.551492929
1281,-2.009042025,-2.009042025
1282,-4.122075081,-4.122075081
1283,-6.46812582,-6.46812582
1284,-8.808132172,-8.808132172
1285,-11.36293888,-11.36293888
1286,-14.00119305,-14.00119305
1287,-15.6154232,-15.6154232
1288,-17.03849411,-17.03849411
1289,-18.35407257,-18.35407257
1290,-18.74243927,-18.74243927
1291,-18.53142929,-18.53142929
1292,-19.01263809,-19.01263809
1293,-19.41510391,-19.41510391
1294,-19.00077438,-19.00077438
1295,-18.17306519,-18.17306519
1296,-17.63662338,-17.63662338
1297,-17.29376221,-17.29376221
1298,-16.75588608,-16.75588608
1299,-15.87384605,-15.87384605
1300,-15.43962574,-15.43962574
1301,-15.27431774,-15.27431774
1302,-15.21479511,-15.21479511
1303,-15.17176914,-15.17176914
1304,-15.59714508,-15.59714508
1305,-16.5392437,-16.5392437
1306,-18.1937561,-18.1937561
1307,-21.09308624,-21.09308624
1308,-25.03048515,-25.03048515
1309,-28.72472,-28.72472
1310,-31.74225616,-31.74225616
1311,-33.6760025,-33.6760025
1312,-35.55665207,-35.55665207
1313,-37.11920166,-37.11920166
1314,-38.37083054,-38.37083054
1315,-39.3776474,-39.3776474
1316,-39.75837326,-39.75837326
1317,-39.44187546,-39.44187546
1318,-38.79882431,-38.79882431
1319,-37.85503387,-37.85503387
1320,-36.5554657,-36.5554657
1321,-35.37042999,-35.37042999
1322,-33.57294083,-33.57294083
1323,-30.89992332,-30.89992332
1324,-28.49278069,-28.49278069
1325,-26.46256638,-26.46256638
1326,-25.11125755,-25.11125755
1327,-23.99713135,-23.99713135
1328,-22.89549065,-22.89549065
1329,-21.20290184,-21.20290184
1330,-19.87204361,-19.87204361
1331,-18.82966995,-18.82966995
1332,-17.95556641,-17.95556641
1333,-17.00576782,-17.00576782
1334,-17.03284073,-17.03284073
1335,-17.82586479,-17.82586479
1336,-19.17061234,-19.17061234
1337,-21.2549324,-21.2549324
1338,-22.86143494,-22.86143494
1339,-23.80365372,-23.80365372
1340,-25.96893692,-25.96893692
1341,-29.02143669,-29.02143669
1342,-31.05065536,-31.05065536
1343,-33.08678055,-33.08678055
1344,-34.65382385,-34.65382385
1345,-34.1348877,-34.1348877
1346,-32.56187057,-32.56187057
1347,-31.19442368,-31.19442368
1348,-30.50382233,-30.50382233
1349,-30.33166885,-30.33166885
1350,-29.30930519,-29.30930519
1351,-26.39894295,-26.39894295
1352,-23.61572838,-23.61572838
1353,-22.34866524,-22.34866524
1354,-21.99177361,-21.99177361
1355,-21.36393356,-21.36393356
1356,-19.81692696,-19.81692696
1357,-18.13753319,-18.13753319
1358,-16.9920826,-16.9920826
1359,-15.72818756,-15.72818756
1360,-14.05737114,-14.05737114
1361,-12.26675224,-12.26675224
1362,-10.60271358,-10.60271358
1363,-8.898197174,-8.898197174
1364,-7.333099365,-7.333099365
1365,-6.021883011,-6.021883011
1366,-5.223858356,-5.223858356
1367,-4.320882797,-4.320882797
1368,-2.842907429,-2.842907429
1369,-1.03146553,-1.03146553
1370,0.602971792,0.602971792
1371,1.322062969,1.322062969
1372,0.570775986,0.570775986
1373,-0.769689918,-0.769689918
1374,-2.067337036,-2.067337036
1375,-3.477982998,-3.477982998
1376,-5.254372597,-5.254372597
1377,-7.180369854,-7.180369854
1378,-9.830293655,-9.830293655
1379,-12.43944359,-12.43944359
1380,-13.9136219,-13.9136219
1381,-15.34121799,-15.34121799
1382,-16.54188919,-16.54188919
1383,-17.01403236,-17.01403236
1384,-16.87776566,-16.87776566
1385,-17.03515053,-17.03515053
1386,-17.444067,-17.444067
1387,-17.17811012,-17.17811012
1388,-16.03654289,-16.03654289
1389,-14.9809494,-14.9809494
1390,-14.27441788,-14.27441788
1391,-13.56703281,-13.56703281
1392,-12.67055511,-12.67055511
1393,-12.13452339,-12.13452339
1394,-11.90880966,-11.90880966
1395,-12.0216074,-12.0216074
1396,-12.32781696,-12.32781696
1397,-13.06034184,-13.06034184
1398,-14.54887676,-14.54887676
1399,-16.79396629,-16.79396629
1400,-19.57117081,-19.57117081
1401,-22.93882179,-22.93882179
1402,-26.34052086,-26.34052086
1403,-29.32428741,-29.32428741
1404,-31.60503387,-31.60503387
1405,-33.70375824,-33.70375824
1406,-35.51778412,-35.51778412
1407,-36.65423965,-36.65423965
1408,-37.15106964,-37.15106964
1409,-37.13673401,-37.13673401
1410,-36.84331894,-36.84331894
1411,-36.55484772,-36.55484772
1412,-36.07683945,-36.07683945
1413,-35.23843002,-35.23843002
1414,-34.37354279,-34.37354279
1415,-33.15533829,-33.15533829
1416,-31.27689171,-31.27689171
1417,-28.75771523,-28.75771523
1418,-26.12367439,-26.12367439
1419,-23.9531002,-23.9531002
1420,-22.46602821,-22.46602821
1421,-21.00700188,-21.00700188
1422,-19.46676636,-19.46676636
1423,-18.03582954,-18.03582954
1424,-16.90117073,-16.90117073
1425,-15.92264652,-15.92264652
1426,-15.09351063,-15.09351063
1427,-14.39518929,-14.39518929
1428,-14.38720131,-14.38720131
1429,-14.76471901,-14.76471901
1430,-15.6108551,-15.6108551
1431,-17.2583065,-17.2583065
1432,-19.40041351,-19.40041351
1433,-21.0977478,-21.0977478
1434,-23.06526566,-23.06526566
1435,-26.16254997,-26.16254997
1436,-28.76438522,-28.76438522
1437,-31.31847,-31.31847
1438,-33.15694427,-33.15694427
1439,-34.51256561,-34.51256561
1440,-34.91478729,-34.91478729
1441,-34.7767334,-34.7767334
1442,-33.01404953,-33.01404953
1443,-31.37802887,-31.37802887
1444,-30.72688103,-30.72688103
1445,-30.57034683,-30.57034683
1446,-28.87235832,-28.87235832
1447,-26.14715576,-26.14715576
1448,-23.92217064,-23.92217064
1449,-23.304636,-23.304636
1450,-23.14151764,-23.14151764
1451,-22.25613594,-22.25613594
1452,-20.81497765,-20.81497765
1453,-19.91134644,-19.91134644
1454,-18.88078117,-18.88078117
1455,-17.2140789,-17.2140789
1456,-15.24270248,-15.24270248
1457,-13.15503979,-13.15503979
1458,-11.18084526,-11.18084526
1459,-9.451825142,-9.451825142
1460,-8.148449898,-8.148449898
1461,-7.387104034,-7.387104034
1462,-6.94634676,-6.94634676
1463,-6.461419582,-6.461419582
1464,-4.999596119,-4.999596119
1465,-3.094516277,-3.094516277
1466,-1.565190911,-1.565190911
1467,-0.89604634,-0.89604634
1468,-1.428291082,-1.428291082
1469,-2.671336412,-2.671336412
1470,-4.050668716,-4.050668716
1471,-5.843242168,-5.843242168
1472,-7.308687687,-7.308687687
1473,-9.053396225,-9.053396225
1474,-11.79579449,-11.79579449
1475,-14.99750805,-14.99750805
1476,-16.93828392,-16.93828392
1477,-17.86658478,-17.86658478
1478,-18.6115284,-18.6115284
1479,-18.9086132,-18.9086132
1480,-18.81573486,-18.81573486
1481,-19.42218781,-19.42218781
1482,-19.34807777,-19.34807777
1483,-18.18767357,-18.18767357
1484,-16.91245651,-16.91245651
1485,-16.18128204,-16.18128204
1486,-15.53244114,-15.53244114
1487,-14.55446434,-14.55446434
1488,-13.70494461,-13.70494461
1489,-13.20357037,-13.20357037
1490,-12.67190838,-12.67190838
1491,-11.8753643,-11.8753643
1492,-11.24939537,-11.24939537
1493,-11.33056355,-11.33056355
1494,-12.34489727,-12.34489727
1495,-13.91192055,-13.91192055
1496,-15.85277367,-15.85277367
1497,-18.67182541,-18.67182541
1498,-22.14208221,-22.14208221
1499,-25.50959969,-25.50959969
1500,-28.23286247,-28.23286247
1501,-30.13441277,-30.13441277
1502,-31.62913513,-31.62913513
1503,-32.89480591,-32.89480591
1504,-33.67778015,-33.67778015
1505,-34.44249344,-34.44249344
1506,-35.37636948,-35.37636948
1507,-35.19807053,-35.19807053
1508,-34.55490112,-34.55490112
1509,-33.44854355,-33.44854355
1510,-32.76547623,-32.76547623
1511,-31.82944298,-31.82944298
1512,-30.46290779,-30.46290779
1513,-29.08372116,-29.08372116
1514,-27.2082386,-27.2082386
1515,-25.53415108,-25.53415108
1516,-23.79817963,-23.79817963
1517,-22.25357246,-22.25357246
1518,-20.82069206,-20.82069206
1519,-19.19289589,-19.19289589
1520,-18.03484344,-18.03484344
1521,-17.08923912,-17.08923912
1522,-15.89678764,-15.89678764
1523,-14.83762264,-14.83762264
1524,-14.0978756,-14.0978756
1525,-13.40445518,-13.40445518
1526,-13.16186333,-13.16186333
1527,-13.78086758,-13.78086758
1528,-15.39351845,-15.39351845
1529,-17.07548714,-17.07548714
1530,-18.08184433,-18.08184433
1531,-19.32720757,-19.32720757
1532,-21.82322884,-21.82322884
1533,-24.33289337,-24.33289337
1534,-27.39429855,-27.39429855
1535,-29.47325706,-29.47325706
1536,-30.27137184,-30.27137184
1537,-29.98867607,-29.98867607
1538,-28.78056908,-28.78056908
1539,-27.73038483,-27.73038483
1540,-26.90182686,-26.90182686
1541,-26.18995476,-26.18995476
1542,-25.23004913,-25.23004913
1543,-23.17137146,-23.17137146
1544,-20.79521179,-20.79521179
1545,-19.02345657,-19.02345657
1546,-18.13538742,-18.13538742
1547,-17.47042847,-17.47042847
1548,-16.28985023,-16.28985023
1549,-14.91591549,-14.91591549
1550,-13.92777824,-13.92777824
1551,-13.1469698,-13.1469698
1552,-11.73594666,-11.73594666
1553,-9.711936951,-9.711936951
1554,-7.528082848,-7.528082848
1555,-5.676535606,-5.676535606
1556,-4.143425941,-4.143425941
1557,-2.976478577,-2.976478577
1558,-2.262126684,-2.262126684
1559,-1.773996353,-1.773996353
1560,-0.592206836,-0.592206836
1561,1.201390266,1.201390266
1562,2.699777365,2.699777365
1563,2.833863735,2.833863735
1564,2.417829514,2.417829514
1565,1.642685771,1.642685771
1566,0.887608409,0.887608409
1567,-0.131290033,-0.131290033
1568,-1.570055723,-1.570055723
1569,-3.738614321,-3.738614321
1570,-6.302828789,-6.302828789
1571,-9.349604607,-9.349604607
1572,-13.00517464,-13.00517464
1573,-15.31657124,-15.31657124
1574,-16.78041077,-16.78041077
1575,-16.97589493,-16.97589493
1576,-17.0428524,-17.0428524
1577,-17.04406166,-17.04406166
1578,-17.12171173,-17.12171173
1579,-17.42567635,-17.42567635
1580,-17.28971672,-17.28971672
1581,-16.0954361,-16.0954361
1582,-14.84675503,-14.84675503
1583,-14.31289482,-14.31289482
1584,-13.67045689,-13.67045689
1585,-12.71895409,-12.71895409
1586,-12.10048294,-12.10048294
1587,-11.63325405,-11.63325405
1588,-11.10017776,-11.10017776
1589,-10.68301296,-10.68301296
1590,-10.78291225,-10.78291225
1591,-11.74923706,-11.74923706
1592,-13.48839855,-13.48839855
1593,-15.52766895,-15.52766895
1594,-18.02177811,-18.02177811
1595,-21.08392334,-21.08392334
1596,-24.3825798,-24.3825798
1597,-27.18697548,-27.18697548
1598,-29.2221241,-29.2221241
1599,-30.97369194,-30.97369194
1600,-32.57929993,-32.57929993
1601,-33.77222061,-33.77222061
1602,-34.64703369,-34.64703369
1603,-34.96386337,-34.96386337
1604,-35.14871597,-35.14871597
1605,-35.05812836,-35.05812836
1606,-34.80155563,-34.80155563
1607,-33.9866333,-33.9866333
1608,-33.68064499,-33.68064499
1609,-32.4225502,-32.4225502
1610,-29.93615913,-29.93615913
1611,-27.36829567,-27.36829567
1612,-25.31665039,-25.31665039
1613,-24.00616837,-24.00616837
1614,-22.76704025,-22.76704025
1615,-21.23681259,-21.23681259
1616,-20.20090294,-20.20090294
1617,-18.96114922,-18.96114922
1618,-17.61386299,-17.61386299
1619,-16.56794167,-16.56794167
1620,-15.56567383,-15.56567383
1621,-14.77079296,-14.77079296
1622,-14.68723583,-14.68723583
1623,-15.26415825,-15.26415825
1624,-16.19983673,-16.19983673
1625,-17.69918633,-17.69918633
1626,-19.46177673,-19.46177673
1627,-20.72269249,-20.72269249
1628,-22.71436691,-22.71436691
1629,-25.87236595,-25.87236595
1630,-29.04157257,-29.04157257
1631,-31.65523911,-31.65523911
1632,-32.43196106,-32.43196106
1633,-31.70817757,-31.70817757
1634,-31.83798409,-31.83798409
1635,-29.19624519,-29.19624519
1636,-27.77210999,-27.77210999
1637,-27.18233871,-27.18233871
1638,-26.75860786,-26.75860786
1639,-25.78016853,-25.78016853
1640,-24.10866356,-24.10866356
1641,-21.68733215,-21.68733215
1642,-19.95536423,-19.95536423
1643,-19.30232239,-19.30232239
1644,-18.63631439,-18.63631439
1645,-17.39463043,-17.39463043
1646,-16.05225563,-16.05225563
1647,-15.19231606,-15.19231606
1648,-14.29154015,-14.29154015
1649,-12.76558495,-12.76558495
1650,-10.812356,-10.812356
1651,-8.997578621,-8.997578621
1652,-7.515239239,-7.515239239
1653,-6.353496075,-6.353496075
1654,-5.618757725,-5.618757725
1655,-5.133614063,-5.133614063
1656,-4.73294878,-4.73294878
1657,-4.144205093,-4.144205093
1658,-3.10987258,-3.10987258
1659,-1.883839369,-1.883839369
1660,-0.515995383,-0.515995383
1661,0.700279236,0.700279236
1662,1.281742454,1.281742454
1663,0.888233364,0.888233364
1664,-0.074838407,-0.074838407
1665,-1.494877934,-1.494877934
1666,-3.621577978,-3.621577978
1667,-6.372506142,-6.372506142
1668,-9.405814171,-9.405814171
1669,-12.38374615,-12.38374615
1670,-14.4923811,-14.4923811
1671,-15.60630322,-15.60630322
1672,-16.14851379,-16.14851379
1673,-16.88466263,-16.88466263
1674,-17.1408577,-17.1408577
1675,-16.76485252,-16.76485252
1676,-16.9254837,-16.9254837
1677,-17.29395676,-17.29395676
1678,-16.9058342,-16.9058342
1679,-15.85650444,-15.85650444
1680,-15.07523823,-15.07523823
1681,-14.51330376,-14.51330376
1682,-13.72589111,-13.72589111
1683,-12.82415581,-12.82415581
1684,-12.24299622,-12.24299622
1685,-12.00666904,-12.00666904
1686,-11.77095699,-11.77095699
1687,-11.71962357,-11.71962357
1688,-12.26318645,-12.26318645
1689,-13.6453886,-13.6453886
1690,-15.68098068,-15.68098068
1691,-17.94834518,-17.94834518
1692,-20.93653107,-20.93653107
1693,-24.47216034,-24.47216034
1694,-27.79890633,-27.79890633
1695,-30.81711006,-30.81711006
1696,-33.29929352,-33.29929352
1697,-35.8143692,-35.8143692
1698,-37.3586998,-37.3586998
1699,-37.63291931,-37.63291931
1700,-37.76844788,-37.76844788
1701,-37.56639481,-37.56639481
1702,-37.19164658,-37.19164658
1703,-36.4499321,-36.4499321
1704,-35.6682663,-35.6682663
1705,-34.74468613,-34.74468613
1706,-33.20930099,-33.20930099
1707,-30.38825989,-30.38825989
1708,-26.53294563,-26.53294563
1709,-23.58031654,-23.58031654
1710,-21.43057632,-21.43057632
1711,-20.26233482,-20.26233482
1712,-19.50839615,-19.50839615
1713,-18.7596035,-18.7596035
1714,-17.74996185,-17.74996185
1715,-16.3223629,-16.3223629
1716,-14.95823574,-14.95823574
1717,-14.06025505,-14.06025505
1718,-13.32565594,-13.32565594
1719,-13.07754993,-13.07754993
1720,-13.39817619,-13.39817619
1721,-14.16467571,-14.16467571
1722,-15.69033813,-15.69033813
1723,-18.29294777,-18.29294777
1724,-20.82198906,-20.82198906
1725,-22.63175774,-22.63175774
1726,-24.59119225,-24.59119225
1727,-27.82154465,-27.82154465
1728,-31.25378799,-31.25378799
1729,-33.34012985,-33.34012985
1730,-34.68340302,-34.68340302
1731,-34.97945786,-34.97945786
1732,-33.30333328,-33.30333328
1733,-32.68505859,-32.68505859
1734,-31.33106422,-31.33106422
1735,-29.21248627,-29.21248627
1736,-28.25646782,-28.25646782
1737,-27.63440895,-27.63440895
1738,-25.96381378,-25.96381378
1739,-23.19319153,-23.19319153
1740,-20.70252991,-20.70252991
1741,-19.9285183,-19.9285183
1742,-19.90725327,-19.90725327
1743,-19.35731506,-19.35731506
1744,-18.13663483,-18.13663483
1745,-16.80107117,-16.80107117
1746,-15.48133945,-15.48133945
1747,-14.0560894,-14.0560894
1748,-12.43176746,-12.43176746
1749,-10.70367241,-10.70367241
1750,-9.147216797,-9.147216797
1751,-7.972373486,-7.972373486
1752,-7.083861351,-7.083861351
1753,-6.350300312,-6.350300312
1754,-5.663354397,-5.663354397
1755,-5.051927567,-5.051927567
1756,-4.051904202,-4.051904202
1757,-2.45746851,-2.45746851
1758,-1.07454896,-1.07454896
1759,-0.29931739,-0.29931739
1760,-0.933489144,-0.933489144
1761,-2.198928356,-2.198928356
1762,-3.183471441,-3.183471441
1763,-4.111653328,-4.111653328
1764,-5.381545067,-5.381545067
1765,-7.303281307,-7.303281307
1766,-9.851159096,-9.851159096
1767,-13.62943363,-13.62943363
1768,-16.49244118,-16.49244118
1769,-17.66314316,-17.66314316
1770,-18.26227379,-18.26227379
1771,-18.79407501,-18.79407501
1772,-18.8249054,-18.8249054
1773,-19.10980034,-19.10980034
1774,-19.83387184,-19.83387184
1775,-19.95788383,-19.95788383
1776,-19.18307877,-19.18307877
1777,-17.98830795,-17.98830795
1778,-17.33127785,-17.33127785
1779,-16.58904076,-16.58904076
1780,-15.56486034,-15.56486034
1781,-14.5226965,-14.5226965
1782,-13.67751408,-13.67751408
1783,-13.13383961,-13.13383961
1784,-12.76007652,-12.76007652
1785,-12.59514427,-12.59514427
1786,-12.93101978,-12.93101978
1787,-14.02778625,-14.02778625
1788,-15.83475876,-15.83475876
1789,-18.09008217,-18.09008217
1790,-21.11101532,-21.11101532
1791,-24.63930511,-24.63930511
1792,-28.07013893,-28.07013893
1793,-30.83893013,-30.83893013
1794,-33.03243256,-33.03243256
1795,-35.29045868,-35.29045868
1796,-37.36357117,-37.36357117
1797,-38.53675461,-38.53675461
1798,-39.07797241,-39.07797241
1799,-39.13105392,-39.13105392
1800,-38.94760132,-38.94760132
1801,-37.93261337,-37.93261337
1802,-36.98560333,-36.98560333
1803,-36.15674591,-36.15674591
1804,-35.10665131,-35.10665131
1805,-32.22675323,-32.22675323
1806,-29.08712959,-29.08712959
1807,-26.30935287,-26.30935287
1808,-24.90115356,-24.90115356
1809,-24.10884285,-24.10884285
1810,-22.96287346,-22.96287346
1811,-21.46978569,-21.46978569
1812,-20.23859978,-20.23859978
1813,-18.96014023,-18.96014023
1814,-18.08909798,-18.08909798
1815,-17.27455711,-17.27455711
1816,-16.56807327,-16.56807327
1817,-16.1071701,-16.1071701
1818,-16.12748337,-16.12748337
1819,-16.659235,-16.659235
1820,-17.72617722,-17.72617722
1821,-19.56826973,-19.56826973
1822,-21.12802505,-21.12802505
1823,-22.40064049,-22.40064049
1824,-24.64720154,-24.64720154
1825,-28.08815193,-28.08815193
1826,-31.31979179,-31.31979179
1827,-33.71634293,-33.71634293
1828,-35.49666595,-35.49666595
1829,-36.50477982,-36.50477982
1830,-37.10749817,-37.10749817
1831,-34.57170105,-34.57170105
1832,-32.90016937,-32.90016937
1833,-32.15198898,-32.15198898
1834,-31.9164505,-31.9164505
1835,-31.46611404,-31.46611404
1836,-29.91787148,-29.91787148
1837,-27.26058769,-27.26058769
1838,-24.87329102,-24.87329102
1839,-23.49666786,-23.49666786
1840,-22.67448616,-22.67448616
1841,-21.64826012,-21.64826012
1842,-20.40729332,-20.40729332
1843,-19.42532539,-19.42532539
1844,-18.45741844,-18.45741844
1845,-17.03933716,-17.03933716
1846,-15.00280285,-15.00280285
1847,-12.84489155,-12.84489155
1848,-10.81809711,-10.81809711
1849,-9.315361023,-9.315361023
1850,-8.426268578,-8.426268578
1851,-7.982224464,-7.982224464
1852,-7.787925243,-7.787925243
1853,-7.455880642,-7.455880642
1854,-6.496672153,-6.496672153
1855,-5.243287086,-5.243287086
1856,-4.467764854,-4.467764854
1857,-4.334683895,-4.334683895
1858,-4.505425453,-4.505425453
1859,-5.025546551,-5.025546551
1860,-5.796267033,-5.796267033
1861,-7.29434824,-7.29434824
1862,-9.684879303,-9.684879303
1863,-12.08912563,-12.08912563
1864,-14.5761137,-14.5761137
1865,-17.07161522,-17.07161522
1866,-18.52892113,-18.52892113
1867,-19.8077507,-19.8077507
1868,-20.4165535,-20.4165535
1869,-20.38108063,-20.38108063
1870,-19.8748455,-19.8748455
1871,-19.16482544,-19.16482544
1872,-18.99525833,-18.99525833
1873,-19.01530838,-19.01530838
1874,-18.1291256,-18.1291256
1875,-16.55438423,-16.55438423
1876,-15.53535271,-15.53535271
1877,-14.86001396,-14.86001396
1878,-13.82591152,-13.82591152
1879,-12.82499599,-12.82499599
1880,-11.95716572,-11.95716572
1881,-11.30736256,-11.30736256
1882,-11.0053091,-11.0053091
1883,-10.94083309,-10.94083309
1884,-11.23488235,-11.23488235
1885,-12.21547985,-12.21547985
1886,-13.80084515,-13.80084515
1887,-15.71057606,-15.71057606
1888,-18.55013847,-18.55013847
1889,-22.34618759,-22.34618759
1890,-26.27663231,-26.27663231
1891,-29.45944214,-29.45944214
1892,-31.31310081,-31.31310081
1893,-33.03520203,-33.03520203
1894,-34.87683868,-34.87683868
1895,-36.0240593,-36.0240593
1896,-36.07150269,-36.07150269
1897,-35.87691116,-35.87691116
1898,-35.56858444,-35.56858444
1899,-34.88569641,-34.88569641
1900,-34.00321579,-34.00321579
1901,-33.21868896,-33.21868896
1902,-31.8023243,-31.8023243
1903,-28.70754433,-28.70754433
1904,-25.04001427,-25.04001427
1905,-21.74644852,-21.74644852
1906,-19.98393822,-19.98393822
1907,-19.16923714,-19.16923714
1908,-18.2318821,-18.2318821
1909,-17.18665504,-17.18665504
1910,-15.81406498,-15.81406498
1911,-14.30918694,-14.30918694
1912,-13.1855669,-13.1855669
1913,-12.53183651,-12.53183651
1914,-12.1357069,-12.1357069
1915,-11.70473862,-11.70473862
1916,-11.80556107,-11.80556107
1917,-12.47344494,-12.47344494
1918,-13.4329977,-13.4329977
1919,-15.41334343,-15.41334343
1920,-17.66427994,-17.66427994
1921,-18.44213295,-18.44213295
1922,-19.00400734,-19.00400734
1923,-21.61704445,-21.61704445
1924,-25.45553398,-25.45553398
1925,-28.49678612,-28.49678612
1926,-29.01610565,-29.01610565
1927,-28.13916779,-28.13916779
1928,-26.91547012,-26.91547012
1929,-25.80771637,-25.80771637
1930,-25.35152054,-25.35152054
1931,-25.00324249,-25.00324249
1932,-24.41575813,-24.41575813
1933,-23.75660133,-23.75660133
1934,-22.49326897,-22.49326897
1935,-20.23891068,-20.23891068
1936,-18.9554348,-18.9554348
1937,-18.65738869,-18.65738869
1938,-17.79583931,-17.79583931
1939,-16.02313995,-16.02313995
1940,-14.54768372,-14.54768372
1941,-14.03904438,-14.03904438
1942,-13.41847897,-13.41847897
1943,-12.13546848,-12.13546848
1944,-10.23072243,-10.23072243
1945,-8.19975853,-8.19975853
1946,-6.617607117,-6.617607117
1947,-5.621183395,-5.621183395
1948,-5.429051876,-5.429051876
1949,-5.551701069,-5.551701069
1950,-5.452062607,-5.452062607
1951,-5.061480999,-5.061480999
1952,-4.573019028,-4.573019028
1953,-4.252727032,-4.252727032
1954,-4.905874729,-4.905874729
1955,-6.130579472,-6.130579472
1956,-7.40534687,-7.40534687
1957,-8.523720741,-8.523720741
1958,-9.437846184,-9.437846184
1959,-10.43038845,-10.43038845
1960,-11.78242874,-11.78242874
1961,-13.96995831,-13.96995831
1962,-16.66983414,-16.66983414
1963,-18.27086639,-18.27086639
1964,-19.33490944,-19.33490944
1965,-19.94404411,-19.94404411
1966,-19.95845413,-19.95845413
1967,-19.44844055,-19.44844055
1968,-19.56564331,-19.56564331
1969,-19.801054,-19.801054
1970,-19.44000626,-19.44000626
1971,-18.42733765,-18.42733765
1972,-17.53259087,-17.53259087
1973,-16.75883675,-16.75883675
1974,-15.67105103,-15.67105103
1975,-14.55999947,-14.55999947
1976,-13.70733738,-13.70733738
1977,-13.02369976,-13.02369976
1978,-12.4064703,-12.4064703
1979,-11.93661404,-11.93661404
1980,-11.97412205,-11.97412205
1981,-12.79987717,-12.79987717
1982,-14.34108353,-14.34108353
1983,-16.34321785,-16.34321785
1984,-19.07644272,-19.07644272
1985,-22.60022545,-22.60022545
1986,-26.20126343,-26.20126343
1987,-29.1368866,-29.1368866
1988,-30.81606102,-30.81606102
1989,-32.39777374,-32.39777374
1990,-34.36449432,-34.36449432
1991,-35.52886581,-35.52886581
1992,-35.9055748,-35.9055748
1993,-36.46723938,-36.46723938
1994,-36.73472214,-36.73472214
1995,-36.33755493,-36.33755493
1996,-35.04174423,-35.04174423
1997,-33.87889481,-33.87889481
1998,-33.46860504,-33.46860504
1999,-31.9473362,-31.9473362
2000,-28.92779732,-28.92779732
2001,-25.51588631,-25.51588631
2002,-23.20442963,-23.20442963
2003,-21.76439095,-21.76439095
2004,-20.31464577,-20.31464577
2005,-19.05775452,-19.05775452
2006,-17.79500961,-17.79500961
2007,-16.52964592,-16.52964592
2008,-15.10445786,-15.10445786
2009,-14.2036705,-14.2036705
2010,-13.65197277,-13.65197277
2011,-13.20450592,-13.20450592
2012,-12.98339367,-12.98339367
2013,-13.12702084,-13.12702084
2014,-14.02822208,-14.02822208
2015,-15.69270515,-15.69270515
2016,-18.25322342,-18.25322342
2017,-20.40213585,-20.40213585
2018,-22.01810646,-22.01810646
2019,-24.36361885,-24.36361885
2020,-27.77534485,-27.77534485
2021,-31.41527748,-31.41527748
2022,-34.4452858,-34.4452858
2023,-36.33017349,-36.33017349
2024,-36.98844528,-36.98844528
2025,-36.63716507,-36.63716507
2026,-34.97855377,-34.97855377
2027,-33.51278687,-33.51278687
2028,-32.05363464,-32.05363464
2029,-31.11006355,-31.11006355
2030,-30.54899216,-30.54899216
2031,-29.11595345,-29.11595345
2032,-25.95241928,-25.95241928
2033,-23.42284393,-23.42284393
2034,-22.33723259,-22.33723259
2035,-21.68447113,-21.68447113
2036,-20.97512245,-20.97512245
2037,-19.79621506,-19.79621506
2038,-18.69006729,-18.69006729
2039,-17.52852058,-17.52852058
2040,-15.95510674,-15.95510674
2041,-13.84589672,-13.84589672
2042,-11.65404701,-11.65404701
2043,-9.738650322,-9.738650322
2044,-8.653951645,-8.653951645
2045,-8.51451683,-8.51451683
2046,-8.571939468,-8.571939468
2047,-8.30079937,-8.30079937
2048,-7.987988949,-7.987988949
2049,-7.92391777,-7.92391777
2050,-8.310648918,-8.310648918
2051,-9.609973907,-9.609973907
2052,-11.42861557,-11.42861557
2053,-12.98147964,-12.98147964
2054,-14.21931744,-14.21931744
2055,-15.52322197,-15.52322197
2056,-16.83185768,-16.83185768
2057,-18.31091881,-18.31091881
2058,-20.54033279,-20.54033279
2059,-22.30781174,-22.30781174
2060,-23.92737198,-23.92737198
2061,-24.25099564,-24.25099564
2062,-23.98687172,-23.98687172
2063,-23.01239967,-23.01239967
2064,-21.83213043,-21.83213043
2065,-21.80375671,-21.80375671
2066,-22.18596077,-22.18596077
2067,-21.34289551,-21.34289551
2068,-19.67560577,-19.67560577
2069,-18.70596504,-18.70596504
2070,-18.07611656,-18.07611656
2071,-17.12414932,-17.12414932
2072,-15.94910336,-15.94910336
2073,-14.9431448,-14.9431448
2074,-14.18112659,-14.18112659
2075,-13.62144375,-13.62144375
2076,-13.52338505,-13.52338505
2077,-13.98556232,-13.98556232
2078,-15.39235783,-15.39235783
2079,-17.72635651,-17.72635651
2080,-20.5298748,-20.5298748
2081,-23.87672615,-23.87672615
2082,-27.49837303,-27.49837303
2083,-30.81795692,-30.81795692
2084,-33.11122131,-33.11122131
2085,-34.14828873,-34.14828873
2086,-35.43061447,-35.43061447
2087,-36.83827972,-36.83827972
2088,-37.02495956,-37.02495956
2089,-36.23620987,-36.23620987
2090,-36.08121109,-36.08121109
2091,-35.61052322,-35.61052322
2092,-34.91684341,-34.91684341
2093,-32.95736694,-32.95736694
2094,-31.67333603,-31.67333603
2095,-30.78040504,-30.78040504
2096,-28.81854248,-28.81854248
2097,-25.64025307,-25.64025307
2098,-23.41785049,-23.41785049
2099,-21.69948769,-21.69948769
2100,-20.60621643,-20.60621643
2101,-19.37651634,-19.37651634
2102,-18.32540894,-18.32540894
2103,-16.93212509,-16.93212509
2104,-15.53228378,-15.53228378
2105,-14.71107483,-14.71107483
2106,-13.73036957,-13.73036957
2107,-13.12878895,-13.12878895
2108,-12.3295927,-12.3295927
2109,-12.16757584,-12.16757584
2110,-12.4430275,-12.4430275
2111,-13.57997704,-13.57997704
2112,-16.18331528,-16.18331528
2113,-18.09477615,-18.09477615
2114,-18.61787415,-18.61787415
2115,-20.61067581,-20.61067581
2116,-23.83013153,-23.83013153
2117,-27.41862297,-27.41862297
2118,-29.90599442,-29.90599442
2119,-31.07886314,-31.07886314
2120,-30.29745865,-30.29745865
2121,-29.09125519,-29.09125519
2122,-27.99402046,-27.99402046
2123,-27.65044212,-27.65044212
2124,-27.61916924,-27.61916924
2125,-27.28398323,-27.28398323
2126,-26.33127213,-26.33127213
2127,-24.19255447,-24.19255447
2128,-21.67604256,-21.67604256
2129,-20.5000267,-20.5000267
2130,-20.02697945,-20.02697945
2131,-19.33744621,-19.33744621
2132,-18.06065559,-18.06065559
2133,-17.03312683,-17.03312683
2134,-16.06959724,-16.06959724
2135,-14.60021591,-14.60021591
2136,-12.71440983,-12.71440983
2137,-10.70433426,-10.70433426
2138,-8.867934227,-8.867934227
2139,-7.632831097,-7.632831097
2140,-7.456799984,-7.456799984
2141,-7.928251266,-7.928251266
2142,-8.144004822,-8.144004822
2143,-7.58177042,-7.58177042
2144,-6.671410561,-6.671410561
2145,-6.251269341,-6.251269341
2146,-6.639080048,-6.639080048
2147,-7.94745636,-7.94745636
2148,-9.805381775,-9.805381775
2149,-11.83922386,-11.83922386
2150,-14.07702255,-14.07702255
2151,-16.61402893,-16.61402893
2152,-18.59788132,-18.59788132
2153,-20.5410347,-20.5410347
2154,-22.8163662,-22.8163662
2155,-24.11046219,-24.11046219
2156,-25.14945793,-25.14945793
2157,-25.34782982,-25.34782982
2158,-25.08346748,-25.08346748
2159,-24.13630295,-24.13630295
2160,-23.0256176,-23.0256176
2161,-22.96971893,-22.96971893
2162,-23.2794342,-23.2794342
2163,-21.95965767,-21.95965767
2164,-20.17691612,-20.17691612
2165,-18.98752594,-18.98752594
2166,-18.03146744,-18.03146744
2167,-16.99010658,-16.99010658
2168,-15.83058262,-15.83058262
2169,-14.8993597,-14.8993597
2170,-14.21084213,-14.21084213
2171,-13.68379021,-13.68379021
2172,-13.45231819,-13.45231819
2173,-13.61708641,-13.61708641
2174,-14.6733532,-14.6733532
2175,-16.46911621,-16.46911621
2176,-18.51391983,-18.51391983
2177,-21.26902771,-21.26902771
2178,-24.83083153,-24.83083153
2179,-28.66704178,-28.66704178
2180,-31.73651123,-31.73651123
2181,-33.53885651,-33.53885651
2182,-34.70740128,-34.70740128
2183,-36.22750092,-36.22750092
2184,-37.4523201,-37.4523201
2185,-37.54337692,-37.54337692
2186,-37.69399643,-37.69399643
2187,-37.51898575,-37.51898575
2188,-36.65382767,-36.65382767
2189,-35.73820877,-35.73820877
2190,-34.50627518,-34.50627518
2191,-33.49765396,-33.49765396
2192,-31.32299232,-31.32299232
2193,-28.41522026,-28.41522026
2194,-25.5601635,-25.5601635
2195,-23.40164375,-23.40164375
2196,-22.35063362,-22.35063362
2197,-21.55521584,-21.55521584
2198,-20.53028107,-20.53028107
2199,-19.23529625,-19.23529625
2200,-17.83024597,-17.83024597
2201,-16.65752983,-16.65752983
2202,-15.95466328,-15.95466328
2203,-16.03551102,-16.03551102
2204,-15.53572845,-15.53572845
2205,-15.69196033,-15.69196033
2206,-16.01343346,-16.01343346
2207,-16.98639679,-16.98639679
2208,-18.81726265,-18.81726265
2209,-21.15285683,-21.15285683
2210,-22.64221382,-22.64221382
2211,-23.84436226,-23.84436226
2212,-26.75904083,-26.75904083
2213,-30.33524132,-30.33524132
2214,-33.10239792,-33.10239792
2215,-35.08746338,-35.08746338
2216,-35.89840317,-35.89840317
2217,-34.71057892,-34.71057892
2218,-32.78807449,-32.78807449
2219,-31.48762703,-31.48762703
2220,-30.37358856,-30.37358856
2221,-29.54189682,-29.54189682
2222,-28.01683617,-28.01683617
2223,-25.92061615,-25.92061615
2224,-23.22680092,-23.22680092
2225,-21.42931938,-21.42931938
2226,-21.04927063,-21.04927063
2227,-20.89804268,-20.89804268
2228,-20.06159401,-20.06159401
2229,-18.70914078,-18.70914078
2230,-17.53463936,-17.53463936
2231,-16.40766144,-16.40766144
2232,-14.9584341,-14.9584341
2233,-13.15624714,-13.15624714
2234,-11.33504486,-11.33504486
2235,-9.877756119,-9.877756119
2236,-8.958408356,-8.958408356
2237,-8.566802025,-8.566802025
2238,-8.514993668,-8.514993668
2239,-8.582034111,-8.582034111
2240,-8.122638702,-8.122638702
2241,-6.995320797,-6.995320797
2242,-5.474422455,-5.474422455
2243,-4.524283886,-4.524283886
2244,-4.717779636,-4.717779636
2245,-5.640940666,-5.640940666
2246,-7.05033493,-7.05033493
2247,-8.973219872,-8.973219872
2248,-11.10858154,-11.10858154
2249,-12.93915462,-12.93915462
2250,-15.43755817,-15.43755817
2251,-18.28261948,-18.28261948
2252,-19.76291084,-19.76291084
2253,-20.36183739,-20.36183739
2254,-20.7845192,-20.7845192
2255,-20.74785042,-20.74785042
2256,-19.99767303,-19.99767303
2257,-19.35341263,-19.35341263
2258,-19.35227585,-19.35227585
2259,-19.05093384,-19.05093384
2260,-17.76980591,-17.76980591
2261,-16.48889351,-16.48889351
2262,-15.74608231,-15.74608231
2263,-15.11879444,-15.11879444
2264,-14.31562996,-14.31562996
2265,-13.7453804,-13.7453804
2266,-13.27395344,-13.27395344
2267,-12.9291563,-12.9291563
2268,-12.88333416,-12.88333416
2269,-13.51677895,-13.51677895
2270,-15.12843227,-15.12843227
2271,-17.61063957,-17.61063957
2272,-20.62792969,-20.62792969
2273,-23.90379715,-23.90379715
2274,-27.33366203,-27.33366203
2275,-30.62285614,-30.62285614
2276,-32.94449615,-32.94449615
2277,-34.38815689,-34.38815689
2278,-36.0079155,-36.0079155
2279,-37.04929352,-37.04929352
2280,-36.83568954,-36.83568954
2281,-36.247715,-36.247715
2282,-35.40294647,-35.40294647
2283,-34.36834717,-34.36834717
2284,-33.03693008,-33.03693008
2285,-31.65758133,-31.65758133
2286,-29.80278015,-29.80278015
2287,-28.12683296,-28.12683296
2288,-25.62290192,-25.62290192
2289,-22.26450539,-22.26450539
2290,-19.71552277,-19.71552277
2291,-18.04781151,-18.04781151
2292,-17.10599518,-17.10599518
2293,-16.1398735,-16.1398735
2294,-15.13716984,-15.13716984
2295,-14.07822704,-14.07822704
2296,-13.09832287,-13.09832287
2297,-12.51529789,-12.51529789
2298,-12.34558773,-12.34558773
2299,-12.18502331,-12.18502331
2300,-12.55354023,-12.55354023
2301,-13.35477257,-13.35477257
2302,-14.90547752,-14.90547752
2303,-17.29907227,-17.29907227
2304,-20.0955162,-20.0955162
2305,-21.68310547,-21.68310547
2306,-22.95838547,-22.95838547
2307,-25.91104126,-25.91104126
2308,-29.52924347,-29.52924347
2309,-32.42895889,-32.42895889
2310,-34.09621048,-34.09621048
2311,-35.02216339,-35.02216339
2312,-34.34149551,-34.34149551
2313,-32.59808731,-32.59808731
2314,-30.46020889,-30.46020889
2315,-28.72850609,-28.72850609
2316,-28.05062485,-28.05062485
2317,-26.95776939,-26.95776939
2318,-25.01335907,-25.01335907
2319,-21.99687004,-21.99687004
2320,-19.67124176,-19.67124176
2321,-19.19142723,-19.19142723
2322,-19.32326698,-19.32326698
2323,-18.75752449,-18.75752449
2324,-17.76248741,-17.76248741
2325,-16.64906502,-16.64906502
2326,-15.42449665,-15.42449665
2327,-14.13618946,-14.13618946
2328,-12.19038391,-12.19038391
2329,-10.44671249,-10.44671249
2330,-8.670963287,-8.670963287
2331,-7.123405457,-7.123405457
2332,-6.422195911,-6.422195911
2333,-6.648321152,-6.648321152
2334,-7.113553524,-7.113553524
2335,-6.935859203,-6.935859203
2336,-6.227376938,-6.227376938
2337,-5.63129425,-5.63129425
2338,-5.56617403,-5.56617403
2339,-6.54503727,-6.54503727
2340,-7.927670956,-7.927670956
2341,-9.252884865,-9.252884865
2342,-10.85009384,-10.85009384
2343,-12.79955387,-12.79955387
2344,-15.01769066,-15.01769066
2345,-17.08592606,-17.08592606
2346,-19.40172005,-19.40172005
2347,-21.42911148,-21.42911148
2348,-22.90641212,-22.90641212
2349,-23.58481407,-23.58481407
2350,-23.43995285,-23.43995285
2351,-22.78742027,-22.78742027
2352,-21.57431602,-21.57431602
2353,-20.66957664,-20.66957664
2354,-20.66041183,-20.66041183
2355,-20.32084846,-20.32084846
2356,-19.12104034,-19.12104034
2357,-17.84324837,-17.84324837
2358,-16.99610519,-16.99610519
2359,-16.1433239,-16.1433239
2360,-15.1512413,-15.1512413
2361,-14.40821934,-14.40821934
2362,-14.02525616,-14.02525616
2363,-13.7802124,-13.7802124
2364,-13.66224098,-13.66224098
2365,-13.95484543,-13.95484543
2366,-14.84815884,-14.84815884
2367,-16.55473709,-16.55473709
2368,-19.07505608,-19.07505608
2369,-22.09373665,-22.09373665
2370,-25.62529945,-25.62529945
2371,-28.81495667,-28.81495667
2372,-31.09340096,-31.09340096
2373,-32.45372772,-32.45372772
2374,-33.49912643,-33.49912643
2375,-34.91998291,-34.91998291
2376,-36.42362213,-36.42362213
2377,-36.95142746,-36.95142746
2378,-36.290802,-36.290802
2379,-35.0798912,-35.0798912
2380,-33.7191925,-33.7191925
2381,-32.58975983,-32.58975983
2382,-31.6177597,-31.6177597
2383,-30.60815048,-30.60815048
2384,-29.29602814,-29.29602814
2385,-26.35066795,-26.35066795
2386,-22.48093605,-22.48093605
2387,-19.7607193,-19.7607193
2388,-18.34851074,-18.34851074
2389,-17.8698101,-17.8698101
2390,-17.14788055,-17.14788055
2391,-16.72847176,-16.72847176
2392,-16.28009605,-16.28009605
2393,-15.28855228,-15.28855228
2394,-14.37590408,-14.37590408
2395,-14.02506065,-14.02506065
2396,-13.8542223,-13.8542223
2397,-13.67616653,-13.67616653
2398,-14.0737381,-14.0737381
2399,-14.89230537,-14.89230537
2400,-16.3713398,-16.3713398
2401,-18.8385601,-18.8385601
2402,-20.98863029,-20.98863029
2403,-21.81195259,-21.81195259
2404,-23.62022591,-23.62022591
2405,-26.84045982,-26.84045982
2406,-30.52997971,-30.52997971
2407,-33.21572495,-33.21572495
2408,-34.73343658,-34.73343658
2409,-36.27045059,-36.27045059
2410,-36.46473694,-36.46473694
2411,-34.78266907,-34.78266907
2412,-33.54160309,-33.54160309
2413,-31.7132206,-31.7132206
2414,-29.93365669,-29.93365669
2415,-29.2847271,-29.2847271
2416,-27.76823044,-27.76823044
2417,-24.95893669,-24.95893669
2418,-21.6891613,-21.6891613
2419,-20.52371788,-20.52371788
2420,-21.13218498,-21.13218498
2421,-21.18903351,-21.18903351
2422,-20.01539421,-20.01539421
2423,-18.40664101,-18.40664101
2424,-17.23771667,-17.23771667
2425,-16.02210426,-16.02210426
2426,-14.76936054,-14.76936054
2427,-13.71501637,-13.71501637
2428,-12.50588989,-12.50588989
2429,-11.1631813,-11.1631813
2430,-10.25703812,-10.25703812
2431,-9.878275871,-9.878275871
2432,-9.888671875,-9.888671875
2433,-9.852355957,-9.852355957
2434,-9.287900925,-9.287900925
2435,-8.55465889,-8.55465889
2436,-7.913514614,-7.913514614
2437,-8.173705101,-8.173705101
2438,-8.974915504,-8.974915504
2439,-10.20960331,-10.20960331
2440,-11.68194962,-11.68194962
2441,-13.43850327,-13.43850327
2442,-15.25217438,-15.25217438
2443,-16.85630798,-16.85630798
2444,-19.16174507,-19.16174507
2445,-21.46689606,-21.46689606
2446,-22.08099747,-22.08099747
2447,-22.19168091,-22.19168091
2448,-22.34400749,-22.34400749
2449,-21.96200371,-21.96200371
2450,-20.82453346,-20.82453346
2451,-19.93655777,-19.93655777
2452,-19.85039139,-19.85039139
2453,-19.46731377,-19.46731377
2454,-18.19636917,-18.19636917
2455,-16.84797668,-16.84797668
2456,-16.07544136,-16.07544136
2457,-15.41640282,-15.41640282
2458,-14.61329365,-14.61329365
2459,-14.04639816,-14.04639816
2460,-13.63656425,-13.63656425
2461,-13.2878561,-13.2878561
2462,-13.0681057,-13.0681057
2463,-13.40934944,-13.40934944
2464,-14.38193035,-14.38193035
2465,-16.22987938,-16.22987938
2466,-18.73209953,-18.73209953
2467,-21.17186165,-21.17186165
2468,-23.40411949,-23.40411949
2469,-25.64305305,-25.64305305
2470,-27.89065742,-27.89065742
2471,-29.77932549,-29.77932549
2472,-31.3386116,-31.3386116
2473,-32.85912704,-32.85912704
2474,-33.97529984,-33.97529984
2475,-33.91830826,-33.91830826
2476,-33.21893692,-33.21893692
2477,-32.28605652,-32.28605652
2478,-30.81221581,-30.81221581
2479,-29.89188004,-29.89188004
2480,-28.72986984,-28.72986984
2481,-27.01242638,-27.01242638
2482,-25.44164276,-25.44164276
2483,-22.8354187,-22.8354187
2484,-18.97933388,-18.97933388
2485,-16.20654488,-16.20654488
2486,-15.09491253,-15.09491253
2487,-15.02598763,-15.02598763
2488,-14.65348148,-14.65348148
2489,-14.06153202,-14.06153202
2490,-13.14607716,-13.14607716
2491,-12.23329163,-12.23329163
2492,-11.55385017,-11.55385017
2493,-11.39206982,-11.39206982
2494,-11.27825451,-11.27825451
2495,-11.46956158,-11.46956158
2496,-12.60384083,-12.60384083
2497,-14.7805891,-14.7805891
2498,-17.49337006,-17.49337006
2499,-19.99223709,-19.99223709
2500,-21.2610569,-21.2610569
2501,-22.54394531,-22.54394531
2502,-25.17848778,-25.17848778
2503,-28.66350746,-28.66350746
2504,-31.81420517,-31.81420517
2505,-34.07408142,-34.07408142
2506,-34.82534409,-34.82534409
2507,-34.71738815,-34.71738815
2508,-33.35190582,-33.35190582
2509,-31.47080803,-31.47080803
2510,-29.26081848,-29.26081848
2511,-27.81913757,-27.81913757
2512,-26.40907097,-26.40907097
2513,-24.86584854,-24.86584854
2514,-22.75950241,-22.75950241
2515,-19.7531414,-19.7531414
2516,-18.06785202,-18.06785202
2517,-17.63040733,-17.63040733
2518,-17.648489,-17.648489
2519,-17.12252617,-17.12252617
2520,-16.22469902,-16.22469902
2521,-15.14500523,-15.14500523
2522,-13.99540997,-13.99540997
2523,-12.14203453,-12.14203453
2524,-10.27195263,-10.27195263
2525,-9.166722298,-9.166722298
2526,-8.289031982,-8.289031982
2527,-7.444595337,-7.444595337
2528,-7.044112682,-7.044112682
2529,-7.170695305,-7.170695305
2530,-7.546431065,-7.546431065
2531,-7.720806599,-7.720806599
2532,-7.289404869,-7.289404869
2533,-6.60337925,-6.60337925
2534,-6.247282028,-6.247282028
2535,-6.702042103,-6.702042103
2536,-8.071957588,-8.071957588
2537,-9.733758926,-9.733758926
2538,-11.74458027,-11.74458027
2539,-13.87771225,-13.87771225
2540,-15.69876862,-15.69876862
2541,-17.37838173,-17.37838173
2542,-19.85413742,-19.85413742
2543,-21.91172981,-21.91172981
2544,-22.79329681,-22.79329681
2545,-23.35818481,-23.35818481
2546,-23.52071571,-23.52071571
2547,-22.89761353,-22.89761353
2548,-21.59533501,-21.59533501
2549,-21.23573494,-21.23573494
2550,-21.33926392,-21.33926392
2551,-20.77552414,-20.77552414
2552,-19.44888496,-19.44888496
2553,-18.22818756,-18.22818756
2554,-17.28970528,-17.28970528
2555,-16.2479744,-16.2479744
2556,-15.12409687,-15.12409687
2557,-13.9617157,-13.9617157
2558,-12.77168274,-12.77168274
2559,-11.84933853,-11.84933853
2560,-11.45668602,-11.45668602
2561,-11.77353096,-11.77353096
2562,-12.93722534,-12.93722534
2563,-14.87343693,-14.87343693
2564,-17.196064,-17.196064
2565,-19.71489143,-19.71489143
2566,-22.80927277,-22.80927277
2567,-26.45773315,-26.45773315
2568,-30.03661346,-30.03661346
2569,-32.33845139,-32.33845139
2570,-33.47571564,-33.47571564
2571,-35.01413345,-35.01413345
2572,-36.20713043,-36.20713043
2573,-36.49255371,-36.49255371
2574,-35.62494659,-35.62494659
2575,-34.70541,-34.70541
2576,-34.1462059,-34.1462059
2577,-33.05558014,-33.05558014
2578,-31.63254356,-31.63254356
2579,-29.82702637,-29.82702637
2580,-28.53898811,-28.53898811
2581,-26.34664726,-26.34664726
2582,-23.32014847,-23.32014847
2583,-20.16209793,-20.16209793
2584,-18.7812233,-18.7812233
2585,-18.2258625,-18.2258625
2586,-17.81932259,-17.81932259
2587,-17.07336235,-17.07336235
2588,-16.19956207,-16.19956207
2589,-15.21052933,-15.21052933
2590,-14.19652748,-14.19652748
2591,-13.30065441,-13.30065441
2592,-13.00829411,-13.00829411
2593,-13.33101845,-13.33101845
2594,-13.75822067,-13.75822067
2595,-14.53514957,-14.53514957
2596,-15.22782707,-15.22782707
2597,-16.73867607,-16.73867607
2598,-19.59349823,-19.59349823
2599,-22.1175766,-22.1175766
2600,-23.44858742,-23.44858742
2601,-25.39022255,-25.39022255
2602,-28.25969696,-28.25969696
2603,-31.1664753,-31.1664753
2604,-33.60432816,-33.60432816
2605,-35.15079117,-35.15079117
2606,-35.8849678,-35.8849678
2607,-36.23662567,-36.23662567
2608,-34.75407791,-34.75407791
2609,-32.1158905,-32.1158905
2610,-30.59222031,-30.59222031
2611,-29.87817764,-29.87817764
2612,-28.95968437,-28.95968437
2613,-27.18413162,-27.18413162
2614,-23.90383148,-23.90383148
2615,-20.77601814,-20.77601814
2616,-20.24310684,-20.24310684
2617,-20.99255371,-20.99255371
2618,-21.12215614,-21.12215614
2619,-20.24352264,-20.24352264
2620,-18.94527435,-18.94527435
2621,-17.88082695,-17.88082695
2622,-16.53400612,-16.53400612
2623,-14.98160553,-14.98160553
2624,-13.77976322,-13.77976322
2625,-12.63353729,-12.63353729
2626,-11.49815178,-11.49815178
2627,-10.55042458,-10.55042458
2628,-9.998258591,-9.998258591
2629,-9.828001976,-9.828001976
2630,-9.763370514,-9.763370514
2631,-9.573550224,-9.573550224
2632,-8.99861145,-8.99861145
2633,-8.232260704,-8.232260704
2634,-7.679654121,-7.679654121
2635,-8.060584068,-8.060584068
2636,-8.885598183,-8.885598183
2637,-10.35310841,-10.35310841
2638,-12.39366722,-12.39366722
2639,-14.49558258,-14.49558258
2640,-16.23965454,-16.23965454
2641,-17.85181999,-17.85181999
2642,-19.93689537,-19.93689537
2643,-21.26243019,-21.26243019
2644,-21.8416481,-21.8416481
2645,-22.39578438,-22.39578438
2646,-22.68579483,-22.68579483
2647,-22.4023056,-22.4023056
2648,-21.35824394,-21.35824394
2649,-20.53646469,-20.53646469
2650,-20.49040031,-20.49040031
2651,-20.12133789,-20.12133789
2652,-18.74925613,-18.74925613
2653,-17.42980003,-17.42980003
2654,-16.6497097,-16.6497097
2655,-15.88131332,-15.88131332
2656,-15.11636829,-15.11636829
2657,-14.56428242,-14.56428242
2658,-14.07480812,-14.07480812
2659,-13.65272999,-13.65272999
2660,-13.48041058,-13.48041058
2661,-13.79115868,-13.79115868
2662,-14.82353783,-14.82353783
2663,-16.77494812,-16.77494812
2664,-19.27245903,-19.27245903
2665,-22.16399574,-22.16399574
2666,-25.42554474,-25.42554474
2667,-28.60267067,-28.60267067
2668,-30.97278786,-30.97278786
2669,-32.19943619,-32.19943619
2670,-33.63088989,-33.63088989
2671,-35.36815262,-35.36815262
2672,-36.06519699,-36.06519699
2673,-35.72085953,-35.72085953
2674,-35.436306,-35.436306
2675,-34.82855225,-34.82855225
2676,-34.03458405,-34.03458405
2677,-32.81547165,-32.81547165
2678,-31.17540169,-31.17540169
2679,-29.84056664,-29.84056664
2680,-28.57593155,-28.57593155
2681,-26.31559181,-26.31559181
2682,-23.12676811,-23.12676811
2683,-19.68717957,-19.68717957
2684,-17.35633659,-17.35633659
2685,-16.17241096,-16.17241096
2686,-15.47830486,-15.47830486
2687,-15.19267464,-15.19267464
2688,-14.48156834,-14.48156834
2689,-13.40090084,-13.40090084
2690,-12.47677898,-12.47677898
2691,-11.8592205,-11.8592205
2692,-11.78471184,-11.78471184
2693,-11.62823772,-11.62823772
2694,-12.01624393,-12.01624393
2695,-12.85272503,-12.85272503
2696,-14.19845581,-14.19845581
2697,-16.19153023,-16.19153023
2698,-18.88114357,-18.88114357
2699,-21.07077217,-21.07077217
2700,-21.79631233,-21.79631233
2701,-23.46816063,-23.46816063
2702,-26.80168915,-26.80168915
2703,-30.23901749,-30.23901749
2704,-32.98271561,-32.98271561
2705,-35.16850662,-35.16850662
2706,-35.7648201,-35.7648201
2707,-34.61232376,-34.61232376
2708,-32.98979187,-32.98979187
2709,-31.23597908,-31.23597908
2710,-28.99661636,-28.99661636
2711,-27.96687508,-27.96687508
2712,-27.46020126,-27.46020126
2713,-26.20814323,-26.20814323
2714,-23.92014122,-23.92014122
2715,-20.4715538,-20.4715538
2716,-17.97203827,-17.97203827
2717,-17.47815704,-17.47815704
2718,-17.83278465,-17.83278465
2719,-17.66694069,-17.66694069
2720,-16.66950035,-16.66950035
2721,-15.54864597,-15.54864597
2722,-14.44343376,-14.44343376
2723,-12.92060852,-12.92060852
2724,-11.58305454,-11.58305454
2725,-10.56751728,-10.56751728
2726,-9.576037407,-9.576037407
2727,-8.470923424,-8.470923424
2728,-7.746217728,-7.746217728
2729,-7.800029278,-7.800029278
2730,-8.263578415,-8.263578415
2731,-8.618955612,-8.618955612
2732,-8.505157471,-8.505157471
2733,-8.235476494,-8.235476494
2734,-8.077197075,-8.077197075
2735,-8.220556259,-8.220556259
2736,-9.350237846,-9.350237846
2737,-11.11443901,-11.11443901
2738,-13.01612568,-13.01612568
2739,-14.78224182,-14.78224182
2740,-16.38635635,-16.38635635
2741,-17.85462952,-17.85462952
2742,-20.04543686,-20.04543686
2743,-22.47391129,-22.47391129
2744,-23.54360771,-23.54360771
2745,-24.20720863,-24.20720863
2746,-24.1411972,-24.1411972
2747,-23.65026474,-23.65026474
2748,-22.80984116,-22.80984116
2749,-21.51769066,-21.51769066
2750,-20.82906342,-20.82906342
2751,-20.84902763,-20.84902763
2752,-20.12818718,-20.12818718
2753,-18.39553642,-18.39553642
2754,-16.96842003,-16.96842003
2755,-16.00384521,-16.00384521
2756,-14.93548775,-14.93548775
2757,-13.97072029,-13.97072029
2758,-13.17537308,-13.17537308
2759,-12.47656441,-12.47656441
2760,-11.94174194,-11.94174194
2761,-11.81321144,-11.81321144
2762,-12.53951073,-12.53951073
2763,-14.3161993,-14.3161993
2764,-16.85476303,-16.85476303
2765,-19.5682869,-19.5682869
2766,-22.70390129,-22.70390129
2767,-26.87082672,-26.87082672
2768,-31.1797123,-31.1797123
2769,-34.3115654,-34.3115654
2770,-35.47734451,-35.47734451
2771,-36.39474487,-36.39474487
2772,-37.10187149,-37.10187149
2773,-36.7809906,-36.7809906
2774,-35.90412521,-35.90412521
2775,-35.44802475,-35.44802475
2776,-34.13088608,-34.13088608
2777,-32.91043472,-32.91043472
2778,-31.47503853,-31.47503853
2779,-29.51752663,-29.51752663
2780,-27.63485336,-27.63485336
2781,-25.41824913,-25.41824913
2782,-22.06923676,-22.06923676
2783,-18.5007019,-18.5007019
2784,-16.60908699,-16.60908699
2785,-16.03419113,-16.03419113
2786,-15.56676483,-15.56676483
2787,-15.16745949,-15.16745949
2788,-14.55419731,-14.55419731
2789,-13.72340202,-13.72340202
2790,-12.98675728,-12.98675728
2791,-12.64685345,-12.64685345
2792,-12.7752285,-12.7752285
2793,-13.04273129,-13.04273129
2794,-13.46584034,-13.46584034
2795,-14.57009983,-14.57009983
2796,-16.81541443,-16.81541443
2797,-19.75904274,-19.75904274
2798,-21.83100891,-21.83100891
2799,-23.23421288,-23.23421288
2800,-25.92294884,-25.92294884
2801,-29.70518684,-29.70518684
2802,-32.65031433,-32.65031433
2803,-34.50785065,-34.50785065
2804,-35.46728516,-35.46728516
2805,-36.41077423,-36.41077423
2806,-37.27211761,-37.27211761
2807,-35.97495651,-35.97495651
2808,-34.11540222,-34.11540222
2809,-32.06375504,-32.06375504
2810,-30.75521088,-30.75521088
2811,-30.08883095,-30.08883095
2812,-28.74872398,-28.74872398
2813,-26.42444229,-26.42444229
2814,-23.09016418,-23.09016418
2815,-20.78867149,-20.78867149
2816,-20.3392067,-20.3392067
2817,-20.73219872,-20.73219872
2818,-20.2998867,-20.2998867
2819,-19.02449226,-19.02449226
2820,-17.83296204,-17.83296204
2821,-17.20646286,-17.20646286
2822,-16.28771591,-16.28771591
2823,-14.9308548,-14.9308548
2824,-13.59077835,-13.59077835
2825,-12.29945278,-12.29945278
2826,-11.04400539,-11.04400539
2827,-9.979848862,-9.979848862
2828,-9.558997154,-9.558997154
2829,-9.766927719,-9.766927719
2830,-10.36126614,-10.36126614
2831,-10.8054781,-10.8054781
2832,-10.78073502,-10.78073502
2833,-10.24895668,-10.24895668
2834,-9.497605324,-9.497605324
2835,-9.24695015,-9.24695015
2836,-10.08834362,-10.08834362
2837,-11.70441914,-11.70441914
2838,-13.84431267,-13.84431267
2839,-16.00211525,-16.00211525
2840,-17.95667267,-17.95667267
2841,-20.13512802,-20.13512802
2842,-22.1269207,-22.1269207
2843,-23.0770359,-23.0770359
2844,-23.04867554,-23.04867554
2845,-23.12726402,-23.12726402
2846,-23.0722599,-23.0722599
2847,-22.13895988,-22.13895988
2848,-20.72245789,-20.72245789
2849,-20.42366219,-20.42366219
2850,-20.19197273,-20.19197273
2851,-18.96767426,-18.96767426
2852,-17.66271973,-17.66271973
2853,-16.92205429,-16.92205429
2854,-16.12726974,-16.12726974
2855,-15.2157917,-15.2157917
2856,-14.51792622,-14.51792622
2857,-13.83460045,-13.83460045
2858,-13.31615067,-13.31615067
2859,-13.22987843,-13.22987843
2860,-13.92133141,-13.92133141
2861,-15.50422573,-15.50422573
2862,-17.78065681,-17.78065681
2863,-20.42069626,-20.42069626
2864,-23.61899567,-23.61899567
2865,-27.2160511,-27.2160511
2866,-30.55685997,-30.55685997
2867,-33.17098999,-33.17098999
2868,-34.76875687,-34.76875687
2869,-36.2881813,-36.2881813
2870,-37.7348175,-37.7348175
2871,-38.47250748,-38.47250748
2872,-38.12791443,-38.12791443
2873,-37.45624542,-37.45624542
2874,-36.68143082,-36.68143082
2875,-34.87109375,-34.87109375
2876,-33.32546997,-33.32546997
2877,-32.21348953,-32.21348953
2878,-30.41037178,-30.41037178
2879,-27.90250778,-27.90250778
2880,-24.50235939,-24.50235939
2881,-21.34118271,-21.34118271
2882,-19.38463593,-19.38463593
2883,-18.8731041,-18.8731041
2884,-18.4820919,-18.4820919
2885,-18.11015129,-18.11015129
2886,-17.5263176,-17.5263176
2887,-16.58306122,-16.58306122
2888,-15.88237762,-15.88237762
2889,-15.57825089,-15.57825089
2890,-15.21740723,-15.21740723
2891,-14.96524143,-14.96524143
2892,-15.58103752,-15.58103752
2893,-16.93794441,-16.93794441
2894,-19.42250633,-19.42250633
2895,-22.47356606,-22.47356606
2896,-23.91313171,-23.91313171
2897,-24.51669312,-24.51669312
2898,-27.6029892,-27.6029892
2899,-31.81745911,-31.81745911
2900,-35.17955017,-35.17955017
2901,-37.02788162,-37.02788162
2902,-37.42124939,-37.42124939
2903,-37.53115463,-37.53115463
2904,-36.45043182,-36.45043182
2905,-33.84352875,-33.84352875
2906,-31.46099281,-31.46099281
2907,-30.15573883,-30.15573883
2908,-29.30807304,-29.30807304
2909,-28.17879868,-28.17879868
2910,-25.41397858,-25.41397858
2911,-22.00843048,-22.00843048
2912,-20.27274513,-20.27274513
2913,-19.56402969,-19.56402969
2914,-19.3052597,-19.3052597
2915,-18.48124313,-18.48124313
2916,-17.27376366,-17.27376366
2917,-16.19620132,-16.19620132
2918,-15.08562756,-15.08562756
2919,-13.75937939,-13.75937939
2920,-12.42715263,-12.42715263
2921,-11.21378899,-11.21378899
2922,-10.19438267,-10.19438267
2923,-9.764401436,-9.764401436
2924,-9.822052956,-9.822052956
2925,-10.18516922,-10.18516922
2926,-10.58756733,-10.58756733
2927,-10.61408806,-10.61408806
2928,-10.58251953,-10.58251953
2929,-10.68300915,-10.68300915
2930,-11.11756802,-11.11756802
2931,-12.31229877,-12.31229877
2932,-14.07953644,-14.07953644
2933,-16.18775749,-16.18775749
2934,-18.29467583,-18.29467583
2935,-19.75229073,-19.75229073
2936,-20.6258316,-20.6258316
2937,-22.08010674,-22.08010674
2938,-23.84936523,-23.84936523
2939,-24.47634315,-24.47634315
2940,-24.76849556,-24.76849556
2941,-25.33490753,-25.33490753
2942,-24.8373642,-24.8373642
2943,-23.57939339,-23.57939339
2944,-21.84715462,-21.84715462
2945,-20.41913223,-20.41913223
2946,-20.35691452,-20.35691452
2947,-20.0791378,-20.0791378
2948,-18.63625526,-18.63625526
2949,-17.03973007,-17.03973007
2950,-16.0256176,-16.0256176
2951,-15.03194523,-15.03194523
2952,-14.09701633,-14.09701633
2953,-13.35854244,-13.35854244
2954,-12.5795393,-12.5795393
2955,-11.75645733,-11.75645733
2956,-11.50802326,-11.50802326
2957,-11.98194599,-11.98194599
2958,-13.37531185,-13.37531185
2959,-15.63960361,-15.63960361
2960,-18.20392227,-18.20392227
2961,-21.20820236,-21.20820236
2962,-24.73108673,-24.73108673
2963,-28.2836113,-28.2836113
2964,-31.06630325,-31.06630325
2965,-32.48939514,-32.48939514
2966,-33.31317139,-33.31317139
2967,-34.37968063,-34.37968063
2968,-35.01326752,-35.01326752
2969,-34.45368576,-34.45368576
2970,-33.68322372,-33.68322372
2971,-32.88578796,-32.88578796
2972,-31.65019226,-31.65019226
2973,-29.92586899,-29.92586899
2974,-28.3298378,-28.3298378
2975,-26.547575,-26.547575
2976,-25.40542412,-25.40542412
2977,-23.24105072,-23.24105072
2978,-20.29785919,-20.29785919
2979,-17.57142067,-17.57142067
2980,-15.96912766,-15.96912766
2981,-15.11016941,-15.11016941
2982,-14.10005856,-14.10005856
2983,-13.07085228,-13.07085228
2984,-12.17531013,-12.17531013
2985,-11.37270069,-11.37270069
2986,-10.87782383,-10.87782383
2987,-10.73836899,-10.73836899
2988,-10.78633976,-10.78633976
2989,-10.94270325,-10.94270325
2990,-11.51703835,-11.51703835
2991,-12.47728348,-12.47728348
2992,-13.72696877,-13.72696877
2993,-16.00473022,-16.00473022
2994,-18.86742783,-18.86742783
2995,-19.95131111,-19.95131111
2996,-20.5076561,-20.5076561
2997,-23.30207253,-23.30207253
2998,-26.69651604,-26.69651604
2999,-30.32022858,-30.32022858
3000,-33.35428238,-33.35428238
3001,-35.39086914,-35.39086914
3002,-34.66383743,-34.66383743
3003,-32.59217072,-32.59217072
3004,-30.65673447,-30.65673447
3005,-29.21357346,-29.21357346
3006,-28.35692406,-28.35692406
3007,-27.49364662,-27.49364662
3008,-26.35170937,-26.35170937
3009,-23.36764908,-23.36764908
3010,-19.85897064,-19.85897064
3011,-18.42430687,-18.42430687
3012,-18.86706924,-18.86706924
3013,-18.93174362,-18.93174362
3014,-18.07405281,-18.07405281
3015,-17.07304192,-17.07304192
3016,-16.36167145,-16.36167145
3017,-15.11314297,-15.11314297
3018,-13.26627827,-13.26627827
3019,-11.53436756,-11.53436756
3020,-9.915158272,-9.915158272
3021,-8.738269806,-8.738269806
3022,-8.618403435,-8.618403435
3023,-9.478667259,-9.478667259
3024,-10.72911167,-10.72911167
3025,-11.37496853,-11.37496853
3026,-11.36231422,-11.36231422
3027,-11.0555582,-11.0555582
3028,-11.29441738,-11.29441738
3029,-12.64931202,-12.64931202
3030,-14.88936138,-14.88936138
3031,-17.65031624,-17.65031624
3032,-20.32021523,-20.32021523
3033,-21.90021324,-21.90021324
3034,-22.62576485,-22.62576485
3035,-23.62841225,-23.62841225
3036,-24.93397141,-24.93397141
3037,-25.67775154,-25.67775154
3038,-26.58658981,-26.58658981
3039,-26.78740311,-26.78740311
3040,-26.09855652,-26.09855652
3041,-23.92945671,-23.92945671
3042,-21.89035606,-21.89035606
3043,-21.61386299,-21.61386299
3044,-21.98845482,-21.98845482
3045,-20.92542839,-20.92542839
3046,-19.26504326,-19.26504326
3047,-18.11761475,-18.11761475
3048,-17.16660881,-17.16660881
3049,-16.08237648,-16.08237648
3050,-15.3692522,-15.3692522
3051,-14.66436195,-14.66436195
3052,-13.92845631,-13.92845631
3053,-13.18769455,-13.18769455
3054,-12.78348541,-12.78348541
3055,-13.08305168,-13.08305168
3056,-14.08204079,-14.08204079
3057,-15.57277298,-15.57277298
3058,-17.57801819,-17.57801819
3059,-20.59240532,-20.59240532
3060,-24.53310585,-24.53310585
3061,-28.3223114,-28.3223114
3062,-30.55701637,-30.55701637
3063,-30.8152523,-30.8152523
3064,-30.75753021,-30.75753021
3065,-31.21935081,-31.21935081
3066,-31.72211456,-31.72211456
3067,-31.59518242,-31.59518242
3068,-31.33530045,-31.33530045
3069,-30.42298508,-30.42298508
3070,-28.84177589,-28.84177589
3071,-27.07934761,-27.07934761
3072,-25.16560745,-25.16560745
3073,-23.9149437,-23.9149437
3074,-22.04785347,-22.04785347
3075,-18.93104172,-18.93104172
3076,-15.71091366,-15.71091366
3077,-13.91977978,-13.91977978
3078,-13.06487274,-13.06487274
3079,-12.70223236,-12.70223236
3080,-12.28794956,-12.28794956
3081,-11.51900387,-11.51900387
3082,-10.51977158,-10.51977158
3083,-9.746834755,-9.746834755
3084,-9.154367447,-9.154367447
3085,-8.899662018,-8.899662018
3086,-8.896943092,-8.896943092
3087,-9.181780815,-9.181780815
3088,-10.28806877,-10.28806877
3089,-11.80211163,-11.80211163
3090,-14.55476284,-14.55476284
3091,-17.33256149,-17.33256149
3092,-18.82040215,-18.82040215
3093,-20.82910919,-20.82910919
3094,-23.93436623,-23.93436623
3095,-26.90340233,-26.90340233
3096,-29.58251953,-29.58251953
3097,-30.99590683,-30.99590683
3098,-31.74123573,-31.74123573
3099,-30.44176483,-30.44176483
3100,-27.37285042,-27.37285042
3101,-25.01973724,-25.01973724
3102,-24.25502777,-24.25502777
3103,-23.74152946,-23.74152946
3104,-22.55940437,-22.55940437
3105,-20.2787571,-20.2787571
3106,-17.39946365,-17.39946365
3107,-15.4909029,-15.4909029
3108,-15.79170513,-15.79170513
3109,-16.43983078,-16.43983078
3110,-16.10894012,-16.10894012
3111,-15.14707661,-15.14707661
3112,-14.30544758,-14.30544758
3113,-13.55012798,-13.55012798
3114,-12.3991375,-12.3991375
3115,-11.03094196,-11.03094196
3116,-9.698214531,-9.698214531
3117,-8.489842415,-8.489842415
3118,-7.667357922,-7.667357922
3119,-7.483038425,-7.483038425
3120,-7.839954376,-7.839954376
3121,-8.837877274,-8.837877274
3122,-9.750536919,-9.750536919
3123,-10.0573864,-10.0573864
3124,-9.736914635,-9.736914635
3125,-9.784516335,-9.784516335
3126,-10.66122913,-10.66122913
3127,-12.31701374,-12.31701374
3128,-14.40237808,-14.40237808
3129,-16.620924,-16.620924
3130,-18.36501312,-18.36501312
3131,-19.53048134,-19.53048134
3132,-20.90332031,-20.90332031
3133,-22.91602325,-22.91602325
3134,-23.94020081,-23.94020081
3135,-24.37633133,-24.37633133
3136,-24.409832,-24.409832
3137,-24.09791565,-24.09791565
3138,-22.74547005,-22.74547005
3139,-21.12606239,-21.12606239
3140,-20.90358543,-20.90358543
3141,-21.18985558,-21.18985558
3142,-20.15354919,-20.15354919
3143,-18.47413826,-18.47413826
3144,-17.30786324,-17.30786324
3145,-16.49256706,-16.49256706
3146,-15.43766403,-15.43766403
3147,-14.3263731,-14.3263731
3148,-13.28903389,-13.28903389
3149,-12.65181065,-12.65181065
3150,-12.4661932,-12.4661932
3151,-12.79589367,-12.79589367
3152,-13.65943432,-13.65943432
3153,-15.10388756,-15.10388756
3154,-17.43858147,-17.43858147
3155,-20.10700798,-20.10700798
3156,-22.86245918,-22.86245918
3157,-25.72832298,-25.72832298
3158,-28.41025162,-28.41025162
3159,-30.01600075,-30.01600075
3160,-30.12003136,-30.12003136
3161,-30.4009304,-30.4009304
3162,-31.22154236,-31.22154236
3163,-31.02661896,-31.02661896
3164,-29.35217476,-29.35217476
3165,-27.64298058,-27.64298058
3166,-26.14823532,-26.14823532
3167,-24.61684799,-24.61684799
3168,-23.08108139,-23.08108139
3169,-21.25653458,-21.25653458
3170,-19.99707603,-19.99707603
3171,-18.61621094,-18.61621094
3172,-16.45025826,-16.45025826
3173,-13.89392471,-13.89392471
3174,-11.91183853,-11.91183853
3175,-10.85882568,-10.85882568
3176,-10.49029827,-10.49029827
3177,-10.1502533,-10.1502533
3178,-9.928553581,-9.928553581
3179,-9.709708214,-9.709708214
3180,-9.817541122,-9.817541122
3181,-10.16032028,-10.16032028
3182,-10.45107651,-10.45107651
3183,-10.30539989,-10.30539989
3184,-10.83230495,-10.83230495
3185,-11.77898407,-11.77898407
3186,-13.7778368,-13.7778368
3187,-16.37914848,-16.37914848
3188,-19.29307938,-19.29307938
3189,-21.20951271,-21.20951271
3190,-22.65073204,-22.65073204
3191,-25.63658142,-25.63658142
3192,-29.36327744,-29.36327744
3193,-32.70223999,-32.70223999
3194,-34.92367554,-34.92367554
3195,-35.34370041,-35.34370041
3196,-34.47592163,-34.47592163
